USE zarautz_db;

 INSERT INTO `user` (`email`, `first_name`, `last_name`, `password`) VALUES
('jauregiazcue@gmail.com','Kai','Jauregi','$2b$10$I8r1SzcLE3vMO4rc4FO/QOi/gxQYms6kilx4CH7rstVc5e7VnETa6');

 INSERT INTO `documentation` (`documentation_id`,`name`,`last_name_one`,`last_name_two`) VALUES
('98765432B','Ana','Gomez','Rodriguez'),
('11223344C','Pedro','Lopez','Martinez'),
('22334455D','Maria','Garcia','Sanchez'),
('33445566E','Jose','Fernandez','Torres'),
('44556677F','Sofia','Diaz','Vazquez'),
('55667788G','David','Perez','Ruiz'),
('66778899H','Laura','Martin','Jimenez'),
('77889900I','Carlos','Moreno','Alonso'),
('88990011J','Elena','Romero','Navarro'),
('99001122K','Javier','Gonzalez','Reyes'),
('10203040L','Isabella','Flores','Herrera'),
('21314151M','Mateo','Cruz','Ortega'),
('32425262N','Valentina','Molina','Serrano'),
('43536373O','Sebastian','Blanco','Pascual'),
('54647484P','Camila','Castillo','Prieto'),
('65758595Q','Diego','Guerrero','Mendez'),
('76869606R','Valeria','Vega','Rivas'),
('87970717S','Andres','Rojas','Gil'),
('98081828T','Lucia','Contreras','Peña'),
('09192939U','Gabriel','Soto','Lozano');

 INSERT INTO `object_category` (`name`) VALUES
('Llaves'),('Bicicletas'),('Bolsos / Carteras'),
('Documentación / Tarjetas'),
('Electrónica'),
('Joyas'),('Telefonos'),('Prendas'),
('Otros');

INSERT INTO `object` (`object_id`,`lost_at`,`documentation_id`,`object_category_id`) VALUES
('D01M5A2025M1S01','2025-05-01 09:00:00',null,1),
('D01M5A2025M1S02','2025-05-01 10:30:00','32425262N',1),
('D01M5A2025M1S03','2025-05-01 11:45:00','87970717S',1),
('D01M5A2025M1S04','2025-05-01 14:00:00',null,1),
('D01M5A2025M1S05','2025-05-01 16:15:00','55667788G',1),
('D02M5A2025M1S06','2025-05-02 08:30:00','98081828T',1),
('D02M5A2025M1S07','2025-05-02 11:00:00',null,1),
('D02M5A2025M1S08','2025-05-02 13:45:00','10203040L',1),
('D02M5A2025M1S09','2025-05-02 15:00:00','43536373O',1),
('D02M5A2025M1S10','2025-05-02 17:20:00',null,1),
('D03M5A2025M1S11','2025-05-03 09:15:00','21314151M',1),
('D03M5A2025M1S12','2025-05-03 10:45:00','65758595Q',1),
('D03M5A2025M1S13','2025-05-03 12:30:00',null,1),
('D03M5A2025M1S14','2025-05-03 15:00:00','76869606R',1),
('D03M5A2025M1S15','2025-05-03 17:10:00','98765432B',1),
('D04M5A2025M1S16','2025-05-04 08:00:00',null,1),
('D04M5A2025M1S17','2025-05-04 10:15:00','11223344C',1),
('D04M5A2025M1S18','2025-05-04 13:00:00','22334455D',1),
('D04M5A2025M1S19','2025-05-04 15:30:00',null,1),
('D04M5A2025M1S20','2025-05-04 18:00:00','33445566E',1),
('D05M5A2025M1S21','2025-05-05 09:30:00','44556677F',1),
('D05M5A2025M1S22','2025-05-05 11:10:00',null,1),
('D05M5A2025M1S23','2025-05-05 14:00:00','55667788G',1),
('D05M5A2025M1S24','2025-05-05 16:40:00','66778899H',1),
('D05M5A2025M1S25','2025-05-05 19:00:00',null,1),
('D06M5A2025M1S26','2025-05-06 08:45:00','77889900I',1),
('D06M5A2025M1S27','2025-05-06 10:00:00','88990011J',1),
('D06M5A2025M1S28','2025-05-06 12:20:00',null,1),
('D06M5A2025M1S29','2025-05-06 14:30:00','99001122K',1),
('D06M5A2025M1S30','2025-05-06 16:55:00','10203040L',1),
('D01M5A2025M2S01','2025-05-01 09:10:00','21314151M',2),
('D01M5A2025M2S02','2025-05-01 10:40:00',null,2),
('D01M5A2025M2S03','2025-05-01 11:55:00','32425262N',2),
('D01M5A2025M2S04','2025-05-01 14:10:00','43536373O',2),
('D01M5A2025M2S05','2025-05-01 16:25:00',null,2),
('D02M5A2025M2S06','2025-05-02 08:40:00','54647484P',2),
('D02M5A2025M2S07','2025-05-02 11:10:00','65758595Q',2),
('D02M5A2025M2S08','2025-05-02 13:55:00',null,2),
('D02M5A2025M2S09','2025-05-02 15:10:00','76869606R',2),
('D02M5A2025M2S10','2025-05-02 17:30:00','87970717S',2),
('D03M5A2025M2S11','2025-05-03 09:25:00',null,2),
('D03M5A2025M2S12','2025-05-03 10:55:00','98081828T',2),
('D03M5A2025M2S13','2025-05-03 12:40:00','09192939U',2),
('D03M5A2025M2S14','2025-05-03 15:10:00',null,2),
('D03M5A2025M2S15','2025-05-03 17:20:00','98765432B',2),
('D04M5A2025M2S16','2025-05-04 08:10:00','11223344C',2),
('D04M5A2025M2S17','2025-05-04 10:25:00',null,2),
('D04M5A2025M2S18','2025-05-04 13:10:00','22334455D',2),
('D04M5A2025M2S19','2025-05-04 15:40:00','33445566E',2),
('D04M5A2025M2S20','2025-05-04 18:10:00',null,2),
('D05M5A2025M2S21','2025-05-05 09:40:00','44556677F',2),
('D05M5A2025M2S22','2025-05-05 11:20:00','55667788G',2),
('D05M5A2025M2S23','2025-05-05 14:10:00',null,2),
('D05M5A2025M2S24','2025-05-05 16:50:00','66778899H',2),
('D05M5A2025M2S25','2025-05-05 19:10:00','77889900I',2),
('D06M5A2025M2S26','2025-05-06 08:55:00',null,2),
('D06M5A2025M2S27','2025-05-06 10:10:00','88990011J',2),
('D06M5A2025M2S28','2025-05-06 12:30:00','99001122K',2),
('D06M5A2025M2S29','2025-05-06 14:40:00',null,2),
('D06M5A2025M2S30','2025-05-06 17:05:00','10203040L',2),
('D01M5A2025M3S01','2025-05-01 09:20:00','21314151M',3),
('D01M5A2025M3S02','2025-05-01 10:50:00',null,3),
('D01M5A2025M3S03','2025-05-01 12:05:00','32425262N',3),
('D01M5A2025M3S04','2025-05-01 14:20:00','43536373O',3),
('D01M5A2025M3S05','2025-05-01 16:35:00',null,3),
('D02M5A2025M3S06','2025-05-02 08:50:00','54647484P',3),
('D02M5A2025M3S07','2025-05-02 11:20:00','65758595Q',3),
('D02M5A2025M3S08','2025-05-02 14:05:00',null,3),
('D02M5A2025M3S09','2025-05-02 15:20:00','76869606R',3),
('D02M5A2025M3S10','2025-05-02 17:40:00','87970717S',3),
('D03M5A2025M3S11','2025-05-03 09:35:00',null,3),
('D03M5A2025M3S12','2025-05-03 11:05:00','98081828T',3),
('D03M5A2025M3S13','2025-05-03 12:50:00','09192939U',3),
('D03M5A2025M3S14','2025-05-03 15:20:00',null,3),
('D03M5A2025M3S15','2025-05-03 17:30:00','98765432B',3),
('D04M5A2025M3S16','2025-05-04 08:20:00','11223344C',3),
('D04M5A2025M3S17','2025-05-04 10:35:00',null,3),
('D04M5A2025M3S18','2025-05-04 13:20:00','22334455D',3),
('D04M5A2025M3S19','2025-05-04 15:50:00','33445566E',3),
('D04M5A2025M3S20','2025-05-04 18:20:00',null,3),
('D05M5A2025M3S21','2025-05-05 09:50:00','44556677F',3),
('D05M5A2025M3S22','2025-05-05 11:30:00','55667788G',3),
('D05M5A2025M3S23','2025-05-05 14:20:00',null,3),
('D05M5A2025M3S24','2025-05-05 17:00:00','66778899H',3),
('D05M5A2025M3S25','2025-05-05 19:20:00','77889900I',3),
('D06M5A2025M3S26','2025-05-06 09:05:00',null,3),
('D06M5A2025M3S27','2025-05-06 10:20:00','88990011J',3),
('D06M5A2025M3S28','2025-05-06 12:40:00','99001122K',3),
('D06M5A2025M3S29','2025-05-06 14:50:00',null,3),
('D06M5A2025M3S30','2025-05-06 17:15:00','10203040L',3),
('D01M5A2025M4S01','2025-05-01 09:30:00','21314151M',4),
('D01M5A2025M4S02','2025-05-01 11:00:00',null,4),
('D01M5A2025M4S03','2025-05-01 12:15:00','32425262N',4),
('D01M5A2025M4S04','2025-05-01 14:30:00','43536373O',4),
('D01M5A2025M4S05','2025-05-01 16:45:00',null,4),
('D02M5A2025M4S06','2025-05-02 09:00:00','54647484P',4),
('D02M5A2025M4S07','2025-05-02 11:30:00','65758595Q',4),
('D02M5A2025M4S08','2025-05-02 14:15:00',null,4),
('D02M5A2025M4S09','2025-05-02 15:30:00','76869606R',4),
('D02M5A2025M4S10','2025-05-02 17:50:00','87970717S',4),
('D03M5A2025M4S11','2025-05-03 09:45:00',null,4),
('D03M5A2025M4S12','2025-05-03 11:15:00','98081828T',4),
('D03M5A2025M4S13','2025-05-03 13:00:00','09192939U',4),
('D03M5A2025M4S14','2025-05-03 15:30:00',null,4),
('D03M5A2025M4S15','2025-05-03 17:40:00','98765432B',4),
('D04M5A2025M4S16','2025-05-04 08:30:00','11223344C',4),
('D04M5A2025M4S17','2025-05-04 10:45:00',null,4),
('D04M5A2025M4S18','2025-05-04 13:30:00','22334455D',4),
('D04M5A2025M4S19','2025-05-04 16:00:00','33445566E',4),
('D04M5A2025M4S20','2025-05-04 18:30:00',null,4),
('D05M5A2025M4S21','2025-05-05 10:00:00','44556677F',4),
('D05M5A2025M4S22','2025-05-05 11:40:00','55667788G',4),
('D05M5A2025M4S23','2025-05-05 14:30:00',null,4),
('D05M5A2025M4S24','2025-05-05 17:10:00','66778899H',4),
('D05M5A2025M4S25','2025-05-05 19:30:00','77889900I',4),
('D06M5A2025M4S26','2025-05-06 09:15:00',null,4),
('D06M5A2025M4S27','2025-05-06 10:30:00','88990011J',4),
('D06M5A2025M4S28','2025-05-06 12:50:00','99001122K',4),
('D06M5A2025M4S29','2025-05-06 15:00:00',null,4),
('D06M5A2025M4S30','2025-05-06 17:25:00','10203040L',4),
('D01M5A2025M5S01','2025-05-01 09:40:00','21314151M',5),
('D01M5A2025M5S02','2025-05-01 11:10:00',null,5),
('D01M5A2025M5S03','2025-05-01 12:25:00','32425262N',5),
('D01M5A2025M5S04','2025-05-01 14:40:00','43536373O',5),
('D01M5A2025M5S05','2025-05-01 16:55:00',null,5),
('D02M5A2025M5S06','2025-05-02 09:10:00','54647484P',5),
('D02M5A2025M5S07','2025-05-02 11:40:00','65758595Q',5),
('D02M5A2025M5S08','2025-05-02 14:25:00',null,5),
('D02M5A2025M5S09','2025-05-02 15:40:00','76869606R',5),
('D02M5A2025M5S10','2025-05-02 18:00:00','87970717S',5),
('D03M5A2025M5S11','2025-05-03 09:55:00',null,5),
('D03M5A2025M5S12','2025-05-03 11:25:00','98081828T',5),
('D03M5A2025M5S13','2025-05-03 13:10:00','09192939U',5),
('D03M5A2025M5S14','2025-05-03 15:40:00',null,5),
('D03M5A2025M5S15','2025-05-03 17:50:00','98765432B',5),
('D04M5A2025M5S16','2025-05-04 08:40:00','11223344C',5),
('D04M5A2025M5S17','2025-05-04 10:55:00',null,5),
('D04M5A2025M5S18','2025-05-04 13:40:00','22334455D',5),
('D04M5A2025M5S19','2025-05-04 16:10:00','33445566E',5),
('D04M5A2025M5S20','2025-05-04 18:40:00',null,5),
('D05M5A2025M5S21','2025-05-05 10:10:00','44556677F',5),
('D05M5A2025M5S22','2025-05-05 11:50:00','55667788G',5),
('D05M5A2025M5S23','2025-05-05 14:40:00',null,5),
('D05M5A2025M5S24','2025-05-05 17:20:00','66778899H',5),
('D05M5A2025M5S25','2025-05-05 19:40:00','77889900I',5),
('D06M5A2025M5S26','2025-05-06 09:25:00',null,5),
('D06M5A2025M5S27','2025-05-06 10:40:00','88990011J',5),
('D06M5A2025M5S28','2025-05-06 13:00:00','99001122K',5),
('D06M5A2025M5S29','2025-05-06 15:10:00',null,5),
('D06M5A2025M5S30','2025-05-06 17:35:00','10203040L',5),
('D01M5A2025M6S01','2025-05-01 09:50:00','21314151M',6),
('D01M5A2025M6S02','2025-05-01 11:20:00',null,6),
('D01M5A2025M6S03','2025-05-01 12:35:00','32425262N',6),
('D01M5A2025M6S04','2025-05-01 14:50:00','43536373O',6),
('D01M5A2025M6S05','2025-05-01 17:05:00',null,6),
('D02M5A2025M6S06','2025-05-02 09:20:00','54647484P',6),
('D02M5A2025M6S07','2025-05-02 11:50:00','65758595Q',6),
('D02M5A2025M6S08','2025-05-02 14:35:00',null,6),
('D02M5A2025M6S09','2025-05-02 15:50:00','76869606R',6),
('D02M5A2025M6S10','2025-05-02 18:10:00','87970717S',6),
('D03M5A2025M6S11','2025-05-03 10:05:00',null,6),
('D03M5A2025M6S12','2025-05-03 11:35:00','98081828T',6),
('D03M5A2025M6S13','2025-05-03 13:20:00','09192939U',6),
('D03M5A2025M6S14','2025-05-03 15:50:00',null,6),
('D03M5A2025M6S15','2025-05-03 18:00:00','98765432B',6),
('D04M5A2025M6S16','2025-05-04 08:50:0', '11223344C', 6),
('D04M5A2025M6S17','2025-05-04 11:05:00',null,6),
('D04M5A2025M6S18','2025-05-04 13:50:00','22334455D',6),
('D04M5A2025M6S19','2025-05-04 16:20:00','33445566E',6),
('D04M5A2025M6S20','2025-05-04 18:50:00',null,6),
('D05M5A2025M6S21','2025-05-05 10:20:00','44556677F',6),
('D05M5A2025M6S22','2025-05-05 12:00:00','55667788G',6),
('D05M5A2025M6S23','2025-05-05 14:50:00',null,6),
('D05M5A2025M6S24','2025-05-05 17:30:00','66778899H',6),
('D05M5A2025M6S25','2025-05-05 19:50:00','77889900I',6),
('D06M5A2025M6S26','2025-05-06 09:35:00',null,6),
('D06M5A2025M6S27','2025-05-06 10:50:00','88990011J',6),
('D06M5A2025M6S28','2025-05-06 13:10:00','99001122K',6),
('D06M5A2025M6S29','2025-05-06 15:20:00',null,6),
('D06M5A2025M6S30','2025-05-06 17:45:00','10203040L',6),
('D01M5A2025M7S01','2025-05-01 10:00:00','21314151M',7),
('D01M5A2025M7S02','2025-05-01 11:30:00',null,7),
('D01M5A2025M7S03','2025-05-01 12:45:00','32425262N',7),
('D01M5A2025M7S04','2025-05-01 15:00:00','43536373O',7),
('D01M5A2025M7S05','2025-05-01 17:15:00',null,7),
('D02M5A2025M7S06','2025-05-02 09:30:00','54647484P',7),
('D02M5A2025M7S07','2025-05-02 12:00:00','65758595Q',7),
('D02M5A2025M7S08','2025-05-02 14:45:00',null,7),
('D02M5A2025M7S09','2025-05-02 16:00:00','76869606R',7),
('D02M5A2025M7S10','2025-05-02 18:20:00','87970717S',7),
('D03M5A2025M7S11','2025-05-03 10:15:00',null,7),
('D03M5A2025M7S12','2025-05-03 11:45:00','98081828T',7),
('D03M5A2025M7S13','2025-05-03 13:30:00','09192939U',7),
('D03M5A2025M7S14','2025-05-03 16:00:00',null,7),
('D03M5A2025M7S15','2025-05-03 18:10:00','98765432B',7),
('D04M5A2025M7S16','2025-05-04 09:00:00','11223344C',7),
('D04M5A2025M7S17','2025-05-04 11:15:00',null,7),
('D04M5A2025M7S18','2025-05-04 14:00:00','22334455D',7),
('D04M5A2025M7S19','2025-05-04 16:30:00','33445566E',7),
('D04M5A2025M7S20','2025-05-04 19:00:00',null,7),
('D05M5A2025M7S21','2025-05-05 10:30:00','44556677F',7),
('D05M5A2025M7S22','2025-05-05 12:10:00','55667788G',7),
('D05M5A2025M7S23','2025-05-05 15:00:00',null,7),
('D05M5A2025M7S24','2025-05-05 17:40:00','66778899H',7),
('D05M5A2025M7S25','2025-05-05 20:00:00','77889900I',7),
('D06M5A2025M7S26','2025-05-06 09:45:00',null,7),
('D06M5A2025M7S27','2025-05-06 11:00:00','88990011J',7),
('D06M5A2025M7S28','2025-05-06 13:20:00','99001122K',7),
('D06M5A2025M7S29','2025-05-06 15:30:00',null,7),
('D06M5A2025M7S30','2025-05-06 17:55:00','10203040L',7),
('D01M5A2025M8S01','2025-05-01 10:10:00','21314151M',8),
('D01M5A2025M8S02','2025-05-01 11:40:00',null,8),
('D01M5A2025M8S03','2025-05-01 12:55:00','32425262N',8),
('D01M5A2025M8S04','2025-05-01 15:10:00','43536373O',8),
('D01M5A2025M8S05','2025-05-01 17:25:00',null,8),
('D02M5A2025M8S06','2025-05-02 09:40:00','54647484P',8),
('D02M5A2025M8S07','2025-05-02 12:10:00','65758595Q',8),
('D02M5A2025M8S08','2025-05-02 14:55:00',null,8),
('D02M5A2025M8S09','2025-05-02 16:10:00','76869606R',8),
('D02M5A2025M8S10','2025-05-02 18:30:00','87970717S',8),
('D03M5A2025M8S11','2025-05-03 10:25:00',null,8),
('D03M5A2025M8S12','2025-05-03 11:55:00','98081828T',8),
('D03M5A2025M8S13','2025-05-03 13:40:00','09192939U',8),
('D03M5A2025M8S14','2025-05-03 16:10:00',null,8),
('D03M5A2025M8S15','2025-05-03 18:20:00','98765432B',8),
('D04M5A2025M8S16','2025-05-04 09:10:00','11223344C',8),
('D04M5A2025M8S17','2025-05-04 11:25:00',null,8),
('D04M5A2025M8S18','2025-05-04 14:10:00','22334455D',8),
('D04M5A2025M8S19','2025-05-04 16:40:00','33445566E',8),
('D04M5A2025M8S20','2025-05-04 19:10:00',null,8),
('D05M5A2025M8S21','2025-05-05 10:40:00','44556677F',8),
('D05M5A2025M8S22','2025-05-05 12:20:00','55667788G',8),
('D05M5A2025M8S23','2025-05-05 15:10:00',null,8),
('D05M5A2025M8S24','2025-05-05 17:50:00','66778899H',8),
('D05M5A2025M8S25','2025-05-05 20:10:00','77889900I',8),
('D06M5A2025M8S26','2025-05-06 09:55:00',null,8),
('D06M5A2025M8S27','2025-05-06 11:10:00','88990011J',8),
('D06M5A2025M8S28','2025-05-06 13:30:00','99001122K',8),
('D06M5A2025M8S29','2025-05-06 15:40:00',null,8),
('D06M5A2025M8S30','2025-05-06 18:05:00','10203040L',8),
('D01M5A2025M9S01','2025-05-01 10:20:00','21314151M',9),
('D01M5A2025M9S02','2025-05-01 11:50:00',null,9),
('D01M5A2025M9S03','2025-05-01 13:05:00','32425262N',9),
('D01M5A2025M9S04','2025-05-01 15:20:00','43536373O',9),
('D01M5A2025M9S05','2025-05-01 17:35:00',null,9),
('D02M5A2025M9S06','2025-05-02 09:50:00','54647484P',9),
('D02M5A2025M9S07','2025-05-02 12:20:00','65758595Q',9),
('D02M5A2025M9S08','2025-05-02 15:05:00',null,9),
('D02M5A2025M9S09','2025-05-02 16:20:00','76869606R',9),
('D02M5A2025M9S10','2025-05-02 18:40:00','87970717S',9),
('D03M5A2025M9S11','2025-05-03 10:35:00',null,9),
('D03M5A2025M9S12','2025-05-03 12:05:00','98081828T',9),
('D03M5A2025M9S13','2025-05-03 13:50:00','09192939U',9),
('D03M5A2025M9S14','2025-05-03 16:20:00',null,9),
('D03M5A2025M9S15','2025-05-03 18:30:00','98765432B',9),
('D04M5A2025M9S16','2025-05-04 09:20:00','11223344C',9),
('D04M5A2025M9S17','2025-05-04 11:35:00',null,9),
('D04M5A2025M9S18','2025-05-04 14:20:00','22334455D',9),
('D04M5A2025M9S19','2025-05-04 16:50:00','33445566E',9),
('D04M5A2025M9S20','2025-05-04 19:20:00',null,9),
('D05M5A2025M9S21','2025-05-05 10:50:00','44556677F',9),
('D05M5A2025M9S22','2025-05-05 12:30:00','55667788G',9),
('D05M5A2025M9S23','2025-05-05 15:20:00',null,9),
('D05M5A2025M9S24','2025-05-05 18:00:00','66778899H',9),
('D05M5A2025M9S25','2025-05-05 20:20:00','77889900I',9),
('D06M5A2025M9S26','2025-05-06 10:05:00',null,9),
('D06M5A2025M9S27','2025-05-06 11:20:00','88990011J',9),
('D06M5A2025M9S28','2025-05-06 13:40:00','99001122K',9),
('D06M5A2025M9S29','2025-05-06 15:50:00',null,9),
('D06M5A2025M9S30','2025-05-06 18:15:00','10203040L',9);

INSERT INTO `request` (`request_at`,`first_name`,`last_name`,`dni`,`direction`,`telephone`,`email`,`lost_at`,`place`,`description`,`object_category_id`) VALUES
('2025-04-01 09:00:00','Juan','Perez','23456789B','Calle Falsa 123','600 111 222','juan.perez@email.com','2025-03-31 15:30:00','Plaza Mayor','Perdi mi cartera con documentos.',1),
('2025-04-02 11:30:00','Ana','Gomez','34567890C','Avenida Siempre Viva 456','611 222 333','ana.gomez@email.com','2025-04-01 10:00:00','Parque Central','Extravie mis llaves de casa.',2),
('2025-04-03 14:00:00','Pedro','Rodriguez','45678901D','Ronda del Mar 789','622 333 444','pedro.r@email.com','2025-04-02 18:00:00','Estacion de Tren','Se me cayo el telefono movil.',3),
('2025-04-04 16:30:00','Maria','Sanchez','56789012E','Paseo Arbolado 101','633 444 555','maria.s@email.com','2025-04-03 12:00:00','Centro Comercial','Perdi una bolsa de la compra con ropa.',4),
('2025-04-05 08:00:00','Jose','Fernandez','67890123F','Via Principal 202','644 555 666','jose.f@email.com','2025-04-04 09:30:00','Biblioteca Publica','No encuentro mi libro.',5),
('2025-04-06 10:45:00','Sofia','Diaz','78901234G','Camino Viejo 303','655 666 777','sofia.d@email.com','2025-04-05 17:00:00','Polideportivo','Perdi mi toalla y mis zapatillas.',6),
('2025-04-07 13:15:00','David','Lopez','89012345H','Travesia Estrecha 404','666 777 888','david.l@email.com','2025-04-06 11:00:00','Mercado Municipal','Extravie mi billetera.',1),
('2025-04-08 15:00:00','Laura','Martinez','90123456I','Plazoleta Bonita 505','677 888 999','laura.m@email.com','2025-04-07 14:30:00','Museo','Perdi una pulsera.',2),
('2025-04-09 17:20:00','Carlos','Garcia','01234567J','Calle Ancha 606','688 999 000','carlos.g@email.com','2025-04-08 19:00:00','Universidad','No encuentro mi ordenador portatil.',3),
('2025-04-10 09:30:00','Elena','Sanchez','12345678K','Avenida Nueva 707','699 000 111','elena.s@email.com','2025-04-09 08:45:00','Hospital','Creo que perdi mi telefono en la sala de espera.',4),
('2025-04-11 12:00:00','Javier','Fernandez','23456789L','Ronda Norte 808','700 111 222','javier.f@email.com','2025-04-10 16:00:00','Estadio','Perdi mi bufanda.',5),
('2025-04-12 14:30:00','Isabella','Diaz','34567890M','Paseo del Sol 909','711 222 333','isabella.d@email.com','2025-04-11 10:20:00','Playa','Extravie mis gafas de sol.',6),
('2025-04-13 16:00:00','Mateo','Lopez','45678901N','Via del Comercio 1010','722 333 444','mateo.l@email.com','2025-04-12 13:00:00','Tienda','Creo que deje mi paraguas en la tienda.',1),
('2025-04-14 08:45:00','Valentina','Martinez','56789012O','Camino Real 1111','733 444 555','valentina.m@email.com','2025-04-13 17:30:00','Gimnasio','Perdi mi botella de agua.',2),
('2025-04-15 11:00:00','Sebastian','Garcia','67890123P','Travesia Larga 1212','744 555 666','sebastian.g@email.com','2025-04-14 11:45:00','Oficina','No encuentro mis auriculares.',3),
('2025-04-16 13:30:00','Camila','Sanchez','78901234Q','Plazoleta Mayor 1313','755 666 777','camila.s@email.com','2025-04-15 15:00:00','Ayuntamiento','Perdi un documento.',4),
('2025-04-17 15:00:00','Diego','Fernandez','89012345R','Callejon Oscuro 1414','766 777 888','diego.f@email.com','2025-04-16 19:10:00','Calle','Creo que se me cayo algo mientras caminaba.',5),
('2025-04-18 17:40:00','Valeria','Diaz','90123456S','Avenida Amplia 1515','777 888 999','valeria.d@email.com','2025-04-17 09:00:00','Parada de Autobus','Perdi mi tarjeta de transporte.',6),
('2025-04-19 09:00:00','Andres','Lopez','01234567T','Ronda del Bosque 1616','788 999 000','andres.l@email.com','2025-04-18 14:00:00','Campo de Futbol','Extravie mis guantes.',1),
('2025-04-20 11:30:00','Lucia','Martinez','12345678U','Paseo Fluvial 1717','799 000 111','lucia.m@email.com','2025-04-19 10:30:00','Cafe','Creo que olvide mi agenda.',2);

